"Slug",":draft","Model","År","Pris","Kategori","Type","Egenvægt","Totalvægt","Lagernummer","Lasteevne","Billede 1","Billede 1:alt","Billede 2","Billede 2:alt","Billede 3","Billede 3:alt","Billede 4","Billede 4:alt","Billede 5","Billede 5:alt","Billede 6","Billede 6:alt","Installationer og tilbehør","Yderligere oplysninger","Størrelse"
"hobby-de-luxe-460-ufe-2022","false","Hobby de luxe 460 UFe 2022","2022","179.900,-","Ny","Campingvogn","1125","1350","","225","https://framerusercontent.com/images/iUTN37v17jU7UsFaWLRl7Hx4.jpg","","https://framerusercontent.com/images/DBgdm0lxS22XJcU8Jy0pfPA2t0.jpg","","https://framerusercontent.com/images/ZxEqYOzfKxe4hMLpW9gSG2xshL8.jpg","","https://framerusercontent.com/images/4jdCSWKsIz9qoqz9BpfV3500paE.jpg","","https://framerusercontent.com/images/sF0vcpRPgObZzSidwLvCKKALUxY.jpg","","","","<p dir=""auto"">✅ Fransk seng</p><p dir=""auto"">✅ Køleskab</p><p dir=""auto"">✅ Fast vandtank</p><p dir=""auto"">✅ Vandtank på hjul</p><p dir=""auto"">✅ Varmtvand</p><p dir=""auto"">✅ Toiletrum</p><p dir=""auto"">✅ Cassettetoilet</p><p dir=""auto"">✅ Rullegardiner</p><p dir=""auto"">✅ Brusebund</p><p dir=""auto"">✅ TV-beslag</p><p dir=""auto"">✅ Gulvvarme</p><p dir=""auto"">✅ Cassettegardiner</p><p dir=""auto"">✅ Fluenetsdør</p><p dir=""auto"">✅ Stor tagluge</p><p dir=""auto"">✅ Stabilisator</p><p dir=""auto"">✅ Serviceklap</p><p dir=""auto""><br></p>","<p dir=""auto"">Ny vogn, nedsat kr. 15.000,-</p><p dir=""auto"">Vognen står i Struer.</p>",""
"sprite-super-450","false","Sprite Super 450","2005","59.900,-","Brugt","Campingvogn","975","1300","","325","https://framerusercontent.com/images/L1hhLyp0Wn2H23cx73SJ7MsShA.jpeg","","https://framerusercontent.com/images/DZNj90MOd7Jx63i8WM5foDahQE.jpeg","","https://framerusercontent.com/images/4IsWHeLc2Bi4PbId2Wo6ScNuQ.jpeg","","https://framerusercontent.com/images/YCCPzddJbDtdXXtyNmuIitLIr6Y.jpeg","","https://framerusercontent.com/images/2Z8WQAeNUsOSkuNhKFQ4dXB0jxU.jpeg","","","","<p dir=""auto"">✅ Fransk senge</p><p dir=""auto"">✅ Køleskab</p><p dir=""auto"">✅ Fast vandtank</p><p dir=""auto"">✅ TV antenne</p><p dir=""auto"">✅ Varmtvand</p><p dir=""auto"">✅ Toiletrum</p><p dir=""auto"">✅ Cassettetoilet</p><p dir=""auto"">✅ Rullegardiner</p><p dir=""auto"">✅ Brusebund</p><p dir=""auto"">✅ Gasovn med blæser</p><p dir=""auto"">✅ Gulvtæppe</p><p dir=""auto"">✅ Cassettegardiner</p><p dir=""auto"">✅ Fluenetsdør</p><p dir=""auto"">✅ Stor tagluge</p><p dir=""auto"">✅ Alufælge</p><p dir=""auto"">✅ Stabilisator</p><p dir=""auto"">✅ Serviceklap</p><p dir=""auto"">✅ Mover</p><p dir=""auto"">✅ Fortelt</p>","<p dir=""auto"">Sprite 450 med mover og Isabella fortelt.</p><p dir=""auto"">Vognen kan nedvejes til 1200 kg.</p><p dir=""auto"">Vognen står i Mønsted.</p>",""
"kabe-safir-600-etdl","false","Kabe Safir 600 ETDL","2021","339.900,-","Brugt","Campingvogn","1687","2000","","313","https://framerusercontent.com/images/U9md9pZoqkwhndnTWSifM37HUeY.jpeg","","https://framerusercontent.com/images/vCOQDvmjCFrbOMegJ6bxIRtzc2o.jpeg","","https://framerusercontent.com/images/NBDmQBqydmlqDaanxSm1rzxENc.jpeg","","https://framerusercontent.com/images/fB54vuQp4hAgAx9MaG1TVgXeaQ.jpeg","","https://framerusercontent.com/images/KjgOA3XnPi4RpJNgnxxMZLPXW2c.jpeg","","https://framerusercontent.com/images/HB908kePk0l6vMiV5rZHgeQWPo.jpeg","","<p dir=""auto"">✅ Enkeltsenge</p><p dir=""auto"">✅ Køleskab</p><p dir=""auto"">✅ Ovn</p><p dir=""auto"">✅ Fast vandtank</p><p dir=""auto"">✅ Vandtank på hjul</p><p dir=""auto"">✅ Varmtvand</p><p dir=""auto"">✅ Toiletrum</p><p dir=""auto"">✅ Cassettetoilet</p><p dir=""auto"">✅ Rullegardiner</p><p dir=""auto"">✅ Brusebund</p><p dir=""auto"">✅ Centralvarme</p><p dir=""auto"">✅ Gulvvarme</p><p dir=""auto"">✅ Cassettegardiner</p><p dir=""auto"">✅ Fluenetsdør</p><p dir=""auto"">✅ Stor tagluge</p><p dir=""auto"">✅ Alufælge</p><p dir=""auto"">✅ Stabilisator</p><p dir=""auto"">✅ Serviceklap</p><p dir=""auto"">✅ Mover</p><p dir=""auto"">✅ Cykelstativ</p>","<p dir=""auto"">Rigtig fin Kabe 600 ETDL med enkeltsenge, bad og toilet i bagenden,</p><p dir=""auto"">centralvarme, mover m.m.</p><p dir=""auto"">Vognen står i Mønsted.</p>",""
"knaus-sport-460-eu","false","Knaus Sport 460 EU","2023","189.900,-","Ny","Campingvogn","1100","1500, kan nedvejes","","400","https://framerusercontent.com/images/Dkm654Q0bQYnwnzKg2h1b96OMw.jpg","","https://framerusercontent.com/images/nkV8AvzxU3tmXHSqOk81kd6QP8.jpg","","https://framerusercontent.com/images/RB5EoymUYnHB49Uwizn3Ixn4U.jpg","","https://framerusercontent.com/images/fCcAWakwHZ74fqN4WBaDpVbUNc.jpg","","https://framerusercontent.com/images/mjGkHjxg0uRV3TTKW6TP1BJd2E.jpg","","","","<p dir=""auto"">✅ Enkeltsenge</p><p dir=""auto"">✅ Køleskab</p><p dir=""auto"">✅ Fast vandtank</p><p dir=""auto"">✅ Varmtvand</p><p dir=""auto"">✅ Varme</p><p dir=""auto"">✅ Toiletrum</p><p dir=""auto"">✅ Cassettetoilet</p><p dir=""auto"">✅ Gulvvarme</p><p dir=""auto"">✅ TV-beslag</p><p dir=""auto"">✅ Cassettegardiner</p><p dir=""auto"">✅ Fluenetsdør</p><p dir=""auto"">✅ Stor tagluge</p><p dir=""auto"">✅ Stabilisator</p><p dir=""auto"">✅ Fortelt</p>","<p dir=""auto"">Helt ny vogn, der sælges incl. fortelt.</p><p dir=""auto"">Vognen står i Struer.</p>",""
"ventura-air-400-trinus","true","Ventura air 400 trinus","","12.995,-","Ny","Fortelt","","","","","","","","","","","","","","","","","","",""
"walker-palladium-350","true","Walker Palladium 350","","19.995,-","Brugt 1 sæson","Fortelt","","","","","","","","","","","","","","","","","","<p dir=""auto""><br></p>","1100"
"hobby-460-ufe-de-luxe-edition-2016","false","Hobby 460 ufe de luxe edition 2016","2016","139.900,-","Brugt","Campingvogn","1148","1350","","202","https://framerusercontent.com/images/V7TGr3rnSBZ2aJrpm5XLbaPADTU.jpeg","","https://framerusercontent.com/images/N2qFFVsKIMtE1YSttgaqlMzKM.jpeg","","https://framerusercontent.com/images/wssAAZVFmqcP3b8vUW1Fq2vPdZQ.jpeg","","https://framerusercontent.com/images/tKOjOAlcmIcdZO3G7aHFAr3Rnk.jpeg","","https://framerusercontent.com/images/feBFet4AtbqoxSdz7wHekZBWQ8.jpeg","","https://framerusercontent.com/images/VpfftEcBaFvsAyiscXf5sow3I.jpeg","","<p dir=""auto"">✅ Fransk seng</p><p dir=""auto"">✅ TV antenne</p><p dir=""auto"">✅ Køleskab</p><p dir=""auto"">✅ Vandtank på hjul</p><p dir=""auto"">✅ Varmtvand</p><p dir=""auto"">✅ Toiletrum</p><p dir=""auto"">✅ Cassettetoilet</p><p dir=""auto"">✅ Brusebund</p><p dir=""auto"">✅ Gasovn m/blæser</p><p dir=""auto"">✅ Kantsyet tæppe</p><p dir=""auto"">✅ Rullegardiner</p><p dir=""auto"">✅ Cassettegardiner</p><p dir=""auto"">✅ Fluenetsdør</p><p dir=""auto"">✅ Stor tagluge</p><p dir=""auto"">✅ Serviceklap</p><p dir=""auto"">✅ Markise med sider og front</p><p dir=""auto"">✅ Stabilisator</p><p dir=""auto"">✅ Mover</p>","<p dir=""auto"">Vognen har lidt kosmetiske buler.</p><p dir=""auto"">Vognen står i Mønsted.</p>",""
"hobby-540-kmfe-2010","false","Hobby 540 Kmfe 2010","2010","109.900,-","Brugt","Campingvogn","1245","1500","","255","https://framerusercontent.com/images/qILSht2jcBiW5yp33YHQPEpDvA.jpeg","","https://framerusercontent.com/images/LEjDpeXqC7kMab8KmeTISggM.jpeg","","https://framerusercontent.com/images/LgxRqFhsoqJPfF3NWVE0wSUqQg.jpeg","","https://framerusercontent.com/images/7FQKO2BC0FpEpAu8uHnRKQUea3g.jpeg","","https://framerusercontent.com/images/sko2bVTMfdWZUtEde2T1YcXU.jpeg","","","","<p dir=""auto"">✅ Fransk seng</p><p dir=""auto"">✅ Køjer</p><p dir=""auto"">✅ Køleskab</p><p dir=""auto"">✅ Vandtank på hjul</p><p dir=""auto"">✅ Varmtvand</p><p dir=""auto"">✅ Toiletrum</p><p dir=""auto"">✅ Cassettetoilet</p><p dir=""auto"">✅ Brusebund</p><p dir=""auto"">✅ Gasovn m/blæser</p><p dir=""auto"">✅ TV antenne</p><p dir=""auto"">✅ Rullegardiner</p><p dir=""auto"">✅ Cassettegardiner</p><p dir=""auto"">✅ Fluenetsdør</p><p dir=""auto"">✅ Stor tagluge</p><p dir=""auto"">✅ Serviceklap</p><p dir=""auto"">✅ Fortelt</p><p dir=""auto"">✅ Stabilisator</p><p dir=""auto"">✅ Aircondition</p><p dir=""auto"">✅ Kantsyet tæppe</p><p dir=""auto"">✅ Ultra heat</p><p dir=""auto""><br></p>","<p dir=""auto"">Vognen står i Mønsted.</p>",""
"wilk-vida-450-2011","false","Wilk Vida 450 2011","2011","79.900,-","Brugt","Campingvogn","1080","1300 eller 1350","","220 eller 270","https://framerusercontent.com/images/Wkzuo4hdUqCet4VnCiu5jdmJiLo.jpeg","","https://framerusercontent.com/images/CUqPa1ATpAhdGJL7jADwhoTLqXQ.jpeg","","https://framerusercontent.com/images/wMYYkDSBHM3YE0BqiuNQDdKds8k.jpeg","","https://framerusercontent.com/images/IzP4lfujYWXzUlyqACqO8RMb7Fg.jpeg","","https://framerusercontent.com/images/WU1n1QtjaIX05BQEEFRjn01TYPs.jpeg","","https://framerusercontent.com/images/1q3TncARksrsRD1wT2bMhjenmJ0.jpeg","","<p dir=""auto"">✅ Fransk seng</p><p dir=""auto"">✅ Køleskab</p><p dir=""auto"">✅ Vandtank på hjul</p><p dir=""auto"">✅ Varmt vand</p><p dir=""auto"">✅ Toiletrum</p><p dir=""auto"">✅ Cassettetoilet</p><p dir=""auto"">✅ Brusebund</p><p dir=""auto"">✅ Varme</p><p dir=""auto"">✅ Rullegardiner</p><p dir=""auto"">✅ Cassettegardiner</p><p dir=""auto"">✅ TV antenne</p><p dir=""auto"">✅ Stor tagluge</p><p dir=""auto"">✅ Serviceklap</p><p dir=""auto"">✅ Fortelt</p><p dir=""auto"">✅ Stabilisator</p>","<p dir=""auto"">Vognen står i Mønsted</p>",""
"hobby-495-ul-excellent-2012","false","Hobby 495 UL Excellent 2012","2012","119.900,-","Brugt","Campingvogn","1220","1500","","280","https://framerusercontent.com/images/0hnok56UIzFPbayabEWT2YwsIGE.jpg","","https://framerusercontent.com/images/XsyaIV7FJmiHsjVgFhKsMJ8AFo.jpg","","https://framerusercontent.com/images/UND33FCzgw5i2qeufzfrMb9uLw.jpg","","https://framerusercontent.com/images/gykjYfQAE8mmx9Vt4GB2ef9g.jpg","","https://framerusercontent.com/images/SIUinH4QQxINMpH2gd27NVHuk.jpg","","https://framerusercontent.com/images/ubtRBVWqS7TkOnpg187D1ydIHro.jpg","","<p>✅ Enkelt senge</p><p>✅ Fast Vandtank</p><p>✅ Køleskab</p><p>✅ Vandtank på hjul</p><p>✅ Varmtvand</p><p>✅ Toiletrum</p><p>✅ Brusebund</p><p>✅ Gasovn med blæser</p><p>✅ Gulvtæppe</p><p>✅ Rullegardiner</p><p>✅ Cassettegardiner</p><p>✅ Fluenetsdør</p><p>✅ Stor tagluge</p><p>✅ Serviceklap</p><p>✅ Fortelt</p><p>✅ Stabilisator</p><p>✅ Alufælge</p><p>✅ Mover</p>","<p>Rigtig fin vogn med enkeltsenge, mover, fortelt m.m.</p><p>Vognen står i Struer.</p>",""
"hobby-premium-560-cfe","false","Hobby Premium 560 CFE","2017. Reg. f. gang 2019","169.900,-","Brugt","Campingvogn","1503","2000","","497","https://framerusercontent.com/images/VcA6nI0RgRALzghj6wffe32BvA8.jpg","","https://framerusercontent.com/images/klsXVZj7rUWiSm3LLZC51VrcGVg.jpg","","https://framerusercontent.com/images/c370fVyGKl8bpWbHUct3DQnnDoM.jpg","","https://framerusercontent.com/images/TEteZ0YAjIWxEGymB6ZcaLEKAh8.jpg","","https://framerusercontent.com/images/PFkUZkO20BsBM8uZmPZZyBVCkU.jpg","","https://framerusercontent.com/images/8MbvSalTsrj1o1EZTuMn4m7OeM.jpg","","<p dir=""auto"">✅ Fransk seng</p><p dir=""auto"">✅ Køleskab</p><p dir=""auto"">✅ Fransk seng</p><p dir=""auto"">✅ Køleskab</p><p dir=""auto"">✅ Fast vandtank</p><p dir=""auto"">✅ Varmt vand</p><p dir=""auto"">✅ Toiletrum</p><p dir=""auto"">✅ Brusebund</p><p dir=""auto"">✅ Casettetoilet</p><p dir=""auto"">✅ Centralvarme</p><p dir=""auto"">✅ Gulvvarme</p><p dir=""auto"">✅ Rullegardiner</p><p dir=""auto"">✅ Casettegardiner</p><p dir=""auto"">✅ Fluenetsdør</p><p dir=""auto"">✅ TV antenne</p><p dir=""auto"">✅ Stor tagluge</p><p dir=""auto"">✅ Alufælge</p><p dir=""auto"">✅ Stabilisator</p><p dir=""auto"">✅ Serviceklap</p><p dir=""auto"">✅ Mover</p><p dir=""auto"">✅ Fortelt</p>","<p dir=""auto"">Velholdt 1 ejers vogn med centralvarme, gulvvarme, mover, Isabella fortelt, alufælge m.m.</p><p dir=""auto"">Pris kun kr. 169900,-</p><p dir=""auto"">Vognen står i Struer.</p>",""
"adria-502-ls","false","Adria 502 LS","2005","49.900,-","Brugt","Campingvogn","925","1100 - 1300","","175 - 375","https://framerusercontent.com/images/Zrge8qej6mhVgwm2zULvSYsVVQ.jpg","","https://framerusercontent.com/images/50pF9aJadnRdyOfXgX2LVakk1Q.jpg","","https://framerusercontent.com/images/lFDDd2FpXFzrR9MR39h7ehk.jpg","","https://framerusercontent.com/images/x4y4wqDpeiqtnJUVqhbJ9Bg5UmQ.jpg","","https://framerusercontent.com/images/8jbF2kibPIdsqndmVCXhe19Zs.jpg","","","","<p>✅ Enkelt senge</p><p>✅ Fast Vandtank</p><p>✅ Køleskab</p><p>✅ Ovn</p><p>✅ Varmtvand</p><p>✅ Toiletrum</p><p>✅ Cassettetoilet</p><p>✅ Brusebund</p><p>✅ Gasovn med blæser</p><p>✅ Fast vandtank</p><p>✅ Rullegardiner</p><p>✅ Cassettegardiner</p><p>✅ Serviceklap</p><p>✅ Fortelt</p><p>✅ Stabilisator</p><p><br></p><p><br></p><p><br></p>","<p>Let 2 personers vogn med fortelt og enkeltsenge.</p><p>Egenvægt kun 925 kg.</p><p>Vognen står i Struer.</p>",""
"sprite-390-ek","false","Sprite 390 EK","2006","49.900,-","Brugt","Campingvogn","1000","1200 - 1350","","200 - 350","https://framerusercontent.com/images/1d2o3nu1TufQDfjkbTjuCpKHfE.jpg","","https://framerusercontent.com/images/TEQHiXiTxdcbikFNLbKAIDBIA.jpg","","https://framerusercontent.com/images/VCfLD5k15Fe1j4doSkqqyg7Br3A.jpg","","https://framerusercontent.com/images/JqJTUcPxzodGd11lO5dGcb2ntrU.jpg","","https://framerusercontent.com/images/AxR9WX14PLEDhrbcBaC69o6tPI.jpg","","","","<p>✅ Enkelt senge</p><p>✅ Fast Vandtank</p><p>✅ Køleskab</p><p>✅ Ovn</p><p>✅ Varmt vand</p><p>✅ Vandtank på hjul</p><p>✅ Toiletrum</p><p>✅ Cassettetoilet</p><p>✅ Brusebund</p><p>✅ Gasovn med blæser</p><p>✅ Truma ultra heat</p><p>✅ Rullegardiner</p><p>✅ Cassettegardiner</p><p>✅ Fluenetsdør</p><p>✅ Stor tagluge</p><p>✅ Serviceklap</p><p>✅ Fortelt</p><p>✅ Stabilisator</p><p>✅ Alufælge</p><p>✅ Mover</p><p>✅ Cykelstativ</p>","<p>Fin rejsevogn med ladepakke, gasvandvarmer, mover, gaskomfur med gasbageovn, ultra heat og nyere fortelt.</p><p>Vognen kan bruges uafhængig af adgang til 220 volt.</p><p>Vognen står i Struer.</p>",""
"adria-adora-613-ut","false","Adria Adora 613 UT","2022","279.900,-","Brugt","Campingvogn","1590","2000","","410","https://framerusercontent.com/images/ylml1gKZcZGr3gBPaYtGk2KRzhI.jpeg","","https://framerusercontent.com/images/yTFD4DHKxAHnBNNuzZORIHqU.jpeg","","https://framerusercontent.com/images/8u2gyWOBa6wZ9g8qjDvFXq7w0.jpeg","","https://framerusercontent.com/images/4gtdkhHHIPJsul7OYnLItEkXXHs.jpeg","","https://framerusercontent.com/images/qLL0JiOaxmp5TSUYSRhJ6cDmDI.jpeg","","","","<p>✅ Dobbelt seng</p><p>✅ Fast Vandtank</p><p>✅ Køleskab</p><p>✅ Ovn</p><p>✅ Varmtvand</p><p>✅ Toiletrum</p><p>✅ Cassettetoilet</p><p>✅ Brusebund</p><p>✅ Centralvarme</p><p>✅ Gulvvarme</p><p>✅ Rullegardiner</p><p>✅ Cassettegardiner</p><p>✅ Fluenetsdør</p><p>✅ Stor tagluge</p><p>✅ Serviceklap</p><p>✅ Fortelt</p><p>✅ Stabilisator</p><p>✅ Alufælge</p><p>✅ Mover</p><p>✅ Markise</p>","",""
"dethleffs-camper-style-490","false","Dethleffs Camper Style 490","2011","109.900,-","Brugt","Campingvogn","1090","1500","","410","https://framerusercontent.com/images/55sqOBnKtDMALSOehUZ9xRcUcoA.jpg","","https://framerusercontent.com/images/Mw36T5UrsoLTkdRL6Yvy53yAQE.jpg","","https://framerusercontent.com/images/Gf9hXcHmXkKENWbVsZPwlA0Ndm4.jpg","","https://framerusercontent.com/images/tQJt8vuOexSxU9rBmfSYy72dhQ.jpg","","https://framerusercontent.com/images/okxf9CU8BQwrHzutqvG50Vsc.jpg","","https://framerusercontent.com/images/LgFHN8SfP83yodTRkFFWs9rBKw.jpg","","<p>✅ Enkeltsenge</p><p>✅ Fast vandtank</p><p>✅ Køleskab</p><p>✅ Varmt vand</p><p>✅ Gulvvarme</p><p>✅ Rullegardiner</p><p>✅ Fluenetsdør</p><p>✅ Toiletrum</p><p>✅ Brusebund</p><p>✅ Casette toilet</p><p>✅ Gasovn med blæser</p><p>✅ Stor tagluge</p><p>✅ TV antenne</p><p>✅ Alu fælge</p><p>✅ Stabilisator</p><p>✅ Serviceklap</p><p>✅ Mover</p><p>✅ Fortelt</p><p>✅ Markise</p>","<p>Meget velholdt vogn.</p><p>Vognen står i Struer.</p>",""
"hobby-560","false","Hobby Prestige 560 UL","2011","109.900,-","Brugt","Campingvogn","1357","1600","","243","https://framerusercontent.com/images/hc80P3ynwjmhr1exSHJA7QjR9Q.jpg","","https://framerusercontent.com/images/7hYoz7msszUYtX16X6h7ZrHdrg.jpg","","https://framerusercontent.com/images/LGHfSiti7X6PARjXPrsPx8r2PBg.jpg","","https://framerusercontent.com/images/LJhq6zdsBs46KgccEOO2zaIhccs.jpg","","https://framerusercontent.com/images/Kbhtu18Fi3Z8RUwpKHP700JMTM.jpg","","","","<p>✅Enkelt senge</p><p>✅ Fast vandtank</p><p>✅ Køleskab</p><p>✅ Varmt vand</p><p>✅ Toiletrum</p><p>✅ Brusebund</p><p>✅ Casette toilet</p><p>✅ Gasovn med blæser</p><p>✅ Casettegardiner</p><p>✅ Rullegardiner</p><p>✅ Fluenetsdøt</p><p>✅  Stor tagluge</p><p>✅ Alufælge</p><p>✅ Stabilisator</p><p>✅ Serviceklap</p><p>✅ Mover</p><p>✅ Fortelt</p>","<p dir=""auto"">Fin Hobby 560 med enkeltsenge, mover og fortelt.</p><p dir=""auto"">Nedsat fra kr. 114.900,-</p><p dir=""auto"">Vognen står i Struer.</p>",""
"kabe-royal-780-tdl","false","Kabe Royal 780 TDL","2008","174.900,-","Brugt","Campingvogn","1775","2100","","325","https://framerusercontent.com/images/JEyI2EktdfGdhqOiaw8Ja093U.jpg","","https://framerusercontent.com/images/q7KcyqnfDq78wqtzpDPCwoLWm4Q.jpg","","https://framerusercontent.com/images/U5lVG2Tc0Du8cugDQp9peXJ6K8.jpg","","https://framerusercontent.com/images/2w4vAk02ugoU4IkD6TYdLPZI4fk.jpg","","https://framerusercontent.com/images/JDxIV2cjP2zV5hraL6Dh8gHW10.jpg","","https://framerusercontent.com/images/eJeTVS5TZdDbudx54rEPHP5gw.jpg","","<p>✅ Dobbeltseng</p><p>✅ Fast vandtank</p><p>✅ Køleskab</p><p>✅ Ovn</p><p>✅ Varmt vand</p><p>✅ Toiletrum</p><p>✅ Brusebund</p><p>✅ Casette toilet</p><p>✅ Centralvarme</p><p>✅ Gulvvarme</p><p>✅ Casettegardiner</p><p>✅ Rullegardiner</p><p>✅ Fluenetsdør</p><p>✅ Stor tagluge</p><p>✅ TV-antenne</p><p>✅ Alufælge</p><p>✅ Serviceklap</p><p>✅ Stabilisator</p><p>✅ Mover</p><p>✅ Markise</p>","<p>Stor luksusvogn med læderindtræk og centralvarme m.m.</p><p>Super velholdt.</p><p>Vognen står i Struer.</p>",""
"cabby-620","false","Cabby 620+","2008","114.900,-","Brugt","Campingvogn","1369","1800","","431","https://framerusercontent.com/images/rbZvi8KTKReBnlYBdfvjM6NA.jpg","","https://framerusercontent.com/images/ofyGu1GHIkRMYSpxWM2TE8FeOy4.jpg","","https://framerusercontent.com/images/IL38LHasyB49FYXHRcumHXnqdFE.jpg","","https://framerusercontent.com/images/Oj48p1z3VPqhuIMnF2E9GFOQtHQ.jpg","","","","","","<p>✅ Dobbeltseng</p><p>✅ Køleskab</p><p>✅ Fast vandtank</p><p>✅ Varmtvand</p><p>✅ Toiletrum</p><p>✅ Brusebund</p><p>✅ TV-antenne</p><p>✅ Rullegardiner</p><p>✅ Centralvarme</p><p>✅ Gulvvarme</p><p>✅ Stabilisator</p><p>✅ Serviceklap</p><p>✅ Ovn</p><p>✅ Casette toilet</p><p>✅ Casettegardiner</p><p>✅ Fluenetsdør</p><p>✅ Alufælge</p><p>✅ Mover</p><p>✅ Fortelt</p>","<p>Fin vogn med centralvarme og læderindtræk i siddegruppen.</p><p>Vognen står i Struer.</p>",""
"knaus-südwind-silver-selection-500-fu","false","Knaus Südwind Silver Selection 500 FU","2018","174.900,-","Brugt","Campingvogn","1268","1700","","432","https://framerusercontent.com/images/trzHtFan9dcJFocWUYWVmwMgT34.jpeg","","https://framerusercontent.com/images/PvqOvVE8YsGi5XJLIrsY1DQBuI4.jpeg","","https://framerusercontent.com/images/WSBSF60E9Vk5YgSGxAip0Hxmm8.jpeg","","https://framerusercontent.com/images/vby2uG63ZGP2M4orMdfzHacIjzE.jpeg","","","","","","<p>✅ Fransk seng</p><p>✅ Højt Køleskab</p><p>✅ Fast vandtank</p><p>✅ Varmtvand</p><p>✅ Toiletrum</p><p>✅ Gasovn m/blæser</p><p>✅ TV-beslag</p><p>✅ Rullegardiner</p><p>✅ Kantsyet gulvtæppe</p><p>✅ Gulvvarme</p><p>✅ Stabilisator</p><p>✅ Serviceklap</p><p>✅ Fluenetsdør</p><p>✅ Stor tagluge</p><p>✅ Alufælge</p><p>✅ Mover</p><p>✅ Fortelt</p><p><br></p>","<p>Vognen kan nedvejes til 1500 kg</p><p>Vognen står i Mønsted.</p>",""
"hobby-de-luxe-540-ul","false","Hobby de luxe 540 UL","2013","124.900,-","Brygt","Campingvogn","1262","1750","","488","https://framerusercontent.com/images/tX6xmy11nKpVpedzxMLvO2wQHew.jpeg","","https://framerusercontent.com/images/lw8BHhwJ49Oc9JdTbUAM6zTaU.jpeg","","https://framerusercontent.com/images/lpyKXdNyNcHr4fK4Z1RNaIexc.jpeg","","https://framerusercontent.com/images/r958NEfncwCGldsV6rsIN4Ueeo.jpeg","","","","","","<p> Dobbeltseng</p><p>✅ Køleskab</p><p>✅ Enkeltsenge</p><p>✅ Køleskab</p><p>✅ Fast vandtank</p><p>✅ Varmtvand</p><p>✅ Toiletrum</p><p>✅ Cassettetoilet</p><p>✅ Alde Centralvarme</p><p>✅ Gulvvarme</p><p>✅ TV-antenne</p><p>✅ Cassettegardiner</p><p>✅ Fluenetsdør</p><p>✅ Stor tagluge</p><p>✅ Stabilisator</p><p>✅ Serviceklap</p><p>✅ Cykelstativ</p><p>✅ Mover</p><p>✅ Fortelt</p>","<p dir=""auto"">Superfin vogn med alde centralvarme, cykelholder og mover.</p><p dir=""auto"">Vognen kan nedvejes.</p><p dir=""auto"">Nedsat fra kr. 129.900,-</p><p dir=""auto"">Vognen står i Mønsted.</p>",""
"knaus-südwind-scandinavia-selection-580-uf","false","Knaus Südwind Scandinavia Selection 580 UF","2023","289.900,-","Ny","Campingvogn","1515","1900","Viborg 29","385","https://framerusercontent.com/images/mQK1uaUudsn4OurXKXLQ5dzXGc8.jpg","","https://framerusercontent.com/images/OwKh3ni7JPeDJ7CQ7t3p0vFZk.jpg","","https://framerusercontent.com/images/6kTU4MqWidUplwWFp1CN27kLyAA.jpg","","https://framerusercontent.com/images/V8AeWs2jIRcLYs5nSnCkU7nZNco.jpg","","https://framerusercontent.com/images/XJKna30gtjxdedZ5uW9NRcJS53c.jpg","","","","<p>Vognen står i Mønsted.</p>","",""
"knaus-südwind-exclusive-580-uf","false","Knaus Südwind Exclusive 580 UF","2015","164.900,-","Brugt","Campingvogn","1419","1600","Struer 85","181","https://framerusercontent.com/images/k4G78yRt0mUO5Nj0CohD5yCmrxg.jpg","","https://framerusercontent.com/images/yD2CA4ApXgFgrUwxmE3XjPIbBhc.jpg","","https://framerusercontent.com/images/mJIyv3IjEkVyHwHJiH39bikjsNY.jpg","","https://framerusercontent.com/images/7ngyn5u03nAOlGNINPEEVDsE.jpg","","https://framerusercontent.com/images/PkjK9CNItF0bhCmLgWomfYa54.jpg","","https://framerusercontent.com/images/fIhxoKfD4R5Cpiz7WSq8V3Fg.jpg","","<p>✅ Dobbeltseng</p><p>✅ Køleskab</p><p>✅ Fast vandtank</p><p>✅ Varmtvand</p><p>✅ Toiletrum</p><p>✅ Cassettetoilet</p><p>✅ Brusebund</p><p>✅ Centralvarme</p><p>✅ Gulvvarme</p><p>✅ Rullegardiner</p><p>✅ Cassettegardiner</p><p>✅ Fluenetsdør</p><p>✅ Stor tagluge</p><p>✅ TV-antenne</p><p>✅ Fortelt</p><p>✅ Alufælge</p><p>✅ Serviceklap</p>","<p>Fortelt beskrivelse: Isabella Penta</p><p>Reg. 1. gang: 20-07-2015</p><p>Sovepladser: 4</p><p>Siddepladser: 6</p><p>Vognen står i Struer.</p>",""
"knaus-südwind-exclusive-580-udf","false","Knaus Südwind Exclusive 580 UDF","2015","169.900,-","Brugt","Campingvogn","1419","1700","Viborg 105","281","https://framerusercontent.com/images/J9rubD0cfR1KnRT6HQ5F4NXOH4.jpg","","https://framerusercontent.com/images/L7csNpHUGlY324XKlNm7uWfgZt0.jpg","","https://framerusercontent.com/images/WhW0od8QMqWcRmSbGqw9pEx2iE.jpg","","https://framerusercontent.com/images/n8QYWIeg7pPrCpEdJweeZE59Y.jpg","","https://framerusercontent.com/images/jvXV1poB6Zw8ZKTrybCNOm4qG0.jpg","","","","<p>✅ Dobbeltseng</p><p>✅ Køleskab</p><p>✅ Fast vandtank</p><p>✅ Varmtvand</p><p>✅ Toiletrum</p><p>✅ Cassettetoilet</p><p>✅ Brusebund</p><p>✅ Centralvarme</p><p>✅ Vandbåret gulvvarme</p><p>✅ Rullegardiner</p><p>✅ Cassettegardiner</p><p>✅ Fluenetsdør</p><p>✅ Stor tagluge</p><p>✅ TV-antenne</p><p>✅ Fortelt</p><p>✅ Alufælge</p><p>✅ Stabilisator</p><p>✅ Serviceklap</p>","<p>Fortelt beskrivelse: Isabella Penta</p><p>Reg. 1. gang: 31-03-2015</p><p>Sovepladser: 4</p><p>Siddepladser: 6</p><p>Vognen står i Mønsted.</p>",""
"knaus-südwind-590-fus-silver-selection","false","Knaus Südwind 590 FUS Silver Selection","2016","169.000,-","Brugt","Campingvogn","1433","1800","Struer 68","367","https://framerusercontent.com/images/cY1BfzrL1CJklMOrUkPEgzicfg.jpg","","https://framerusercontent.com/images/AKxlZxQ4yne84sABtHnKTd4UAc.jpg","","https://framerusercontent.com/images/HDPNqu9dyfqrakhFe1SILth3KI.jpg","","https://framerusercontent.com/images/5XJOjFlQe3JuqlcOqEYC1eG0lk.jpg","","https://framerusercontent.com/images/pSIx17A5N2kKIPLWqj8KLZrTXpg.jpg","","https://framerusercontent.com/images/331HkFfBnHuUw9TCaj4LPpKATA.jpg","","<p>✅ Dobbeltseng</p><p>✅ Køleskab</p><p>✅ Fast vandtank</p><p>✅ Varmtvand</p><p>✅ Toiletrum</p><p>✅ Cassettetoilet</p><p>✅ Brusebund</p><p>✅ Gasovn m/blæser</p><p>✅ Elektrisk gulvvarme</p><p>✅ Rullegardiner</p><p>✅ Cassettegardiner</p><p>✅ Fluenetsdør</p><p>✅ Stor tagluge</p><p>✅ TV-antenne</p><p>✅ Fortelt</p><p>✅ Mover</p><p>✅ Stabilisator</p><p>✅ Serviceklap</p>","<p>Reg. 1. gang     08-08-2016</p><p>Sovepladser: 4               Siddepladser: 6</p><p>1 ejers vogn med alt i udstyr.</p><p>Vognen står i Struer.</p>",""
"knaus-südwind-500-uf-60-years","false","Knaus Südwind 500 UF 60 Years","2023","224.900,-","Ny","Campingvogn","1350","1800","Viborg 31","450","https://framerusercontent.com/images/qvnjF45km6uxnJXlGFuaVXxPAU.jpg","","https://framerusercontent.com/images/T2j1hOofsh2LFgevnloqW3xwAd4.jpg","","https://framerusercontent.com/images/UzZdmudMQ72stJlY5CvSdBtMH7k.jpg","","https://framerusercontent.com/images/Z7dFNDvHj2apzX3NDQYsszaAIVo.jpg","","https://framerusercontent.com/images/ClrJ2x3ctkoJyPXbNWZLXvIco.jpg","","","","<p>✅ Dobbeltseng</p><p>✅ Køleskab</p><p>✅ Fast vandtank</p><p>✅ Varmtvand</p><p>✅ Toiletrum</p><p>✅ Cassettetoilet</p><p>✅ Brusebund</p><p>✅ Gasovn m/blæser</p><p>✅ Elektrisk gulvvarme</p><p>✅ Rullegardiner</p><p>✅ Cassettegardiner</p><p>✅ Fluenetsdør</p><p>✅ Stor tagluge</p><p>✅ Alufælge</p><p>✅ Stabilisator</p><p>✅ Serviceklap</p>","<p>Sovepladser: 4                  Siddepladser: 4</p><p>Vognen står i Mønsted.</p>",""
"knaus-sport-450-fu","false","Knaus Sport 450 FU","2011","99.900,-","Brugt","Campingvogn","980","1300","Struer 154","320","https://framerusercontent.com/images/1EtUk8jPUg2SsTHOZlOQ6nK7m4.jpg","","https://framerusercontent.com/images/pKDpo4107WUdYq5wxnStTMQsdc.jpg","","https://framerusercontent.com/images/erXtqPEGSGPzaKlIL0MaoHg1kY.jpg","","https://framerusercontent.com/images/k6ucF2s9NHbGi6l1a9idoEaUvE.jpg","","","","","","<p>✅ Dobbeltseng</p><p>✅ Køleskab</p><p>✅ Fast vandtank</p><p>✅ Varmtvand</p><p>✅ Toiletrum</p><p>✅ Cassettetoilet</p><p>✅ Brusebund</p><p>✅ Gasovn m/blæser</p><p>✅ Cassettegardiner</p><p>✅ Fluenetsdør</p><p>✅ Stor tagluge</p><p>✅ TV-antenne</p><p>✅ Markise</p><p>✅ Serviceklap</p>","<p dir=""auto"">Reg. 1. gang     2018</p><p dir=""auto"">Sovepladser: 4                        Siddepladser: 4</p><p dir=""auto"">Nedsat fra kr. 108.000,-</p><p dir=""auto"">Vognen står i Struer.</p>",""
"knaus-azur-580-eu","false","Knaus Azur 580 EU","2006","74.900,-","Brugt","Campingvogn","1225","1500","Mønsted 53","275","https://framerusercontent.com/images/y67F7XolIemyUCeI8wKoacVGxOE.jpg","","https://framerusercontent.com/images/mET3qqeDMnX4GaKBkCDUid5OCZ8.jpg","","https://framerusercontent.com/images/gEYY6X01HhNNo3bRDqbM9HTqM.jpg","","https://framerusercontent.com/images/zfzIuqylY6aTIZq4nEZ104bp2w.jpg","","","","","","<p>✅ Enkeltsenge</p><p>✅ Køleskab</p><p>✅ Fast vandtank</p><p>✅ Varmtvand</p><p>✅ Toiletrum</p><p>✅ Cassettetoilet</p><p>✅ Brusebund</p><p>✅ Gasovn m/blæser</p><p>✅ Centralvarme</p><p>✅ Gulvtæppe</p><p>✅ Rullegardiner</p><p>✅ Cassettegardiner</p><p>✅ Fluenetsdør</p><p>✅ Stor tagluge</p><p>✅ TV-antenne</p><p>✅ Fortelt</p><p>✅ Stabilisator</p><p>✅ Serviceklap</p>","<p>Reg. 1. gang     01-01-2006</p><p>Sovepladser: 4                        Siddepladser: 5</p><p>3 m Isabella Fortelt</p><p>Vognen står i Mønsted.</p>",""
"hobby-prestige-650-wfu","false","Hobby Prestige 650 WFU","2011","119.900,-","Brugt","Campingvogn","1560","1900","Struer 65","340","https://framerusercontent.com/images/se2qowwKbAghOSPNxMx1ea6lNms.jpg","","https://framerusercontent.com/images/8h7kzhGbXjxJxLSrYgbuiMFA2M.jpg","","https://framerusercontent.com/images/4tV7vjJomzNMJ3la3S10JEoHOmc.jpg","","https://framerusercontent.com/images/TWnOPfJXOdGYw6qf2YEITeadYr8.jpg","","https://framerusercontent.com/images/p9TIqnok2Fi1BP11V9QHFSXPz8.jpg","","https://framerusercontent.com/images/Zl60WQzhkjU4pGeyzWKpPxidbDU.jpg","","<p>✅ Dobbeltseng</p><p>✅ Køleskab</p><p>✅ Fast vandtank</p><p>✅ Varmtvand</p><p>✅ Toiletrum</p><p>✅ Cassettetoilet</p><p>✅ Brusebund</p><p>✅ Gasovn m/blæser</p><p>✅ Rullegardiner</p><p>✅ Cassettegardiner</p><p>✅ Fluenetsdør</p><p>✅ Stor tagluge</p><p>✅ TV-antenne</p><p>✅ Stabilisator</p><p>✅ Serviceklap</p>","<p dir=""auto"">Reg. 1. gang     15-06-2011</p><p dir=""auto"">Sovepladser: 4                     Siddepladser: 6</p><p dir=""auto"">Universalfortelt</p><p dir=""auto"">Nedsat fra kr. 133.000,-</p><p dir=""auto"">Vognen står i Struer.</p>",""
"hobby-prestige-610-ul","false","Hobby Prestige 610 UL","2013","149.900,-","Brugt","Campingvogn","1571","2000","Mønsted 01","429","https://framerusercontent.com/images/x0RpdxXELciEBArZNYuqzCEwk.jpg","","https://framerusercontent.com/images/J6qml2LuhHoe9Gmr6CCtWzqP6s.jpg","","https://framerusercontent.com/images/qacb2nKLL0gbzxABFImOLsLNguo.jpg","","https://framerusercontent.com/images/8BY7PXiCCsbpuZfZxWWhPB7py0.jpg","","https://framerusercontent.com/images/7o3bcsjhMs8yirGeYT3piOCr1A.jpg","","","","<p>✅ Enkeltsenge</p><p>✅ Køleskab</p><p>✅ Fast vandtank</p><p>✅ Varmtvand</p><p>✅ Toiletrum</p><p>✅ Cassettetoilet</p><p>✅ Brusebund</p><p>✅ Gasovn m/blæser</p><p>✅ Rullegardiner</p><p>✅ Cassettegardiner</p><p>✅ Fluenetsdør</p><p>✅ Stor tagluge</p><p>✅ TV-antenne</p><p>✅ Fortelt</p><p>✅ Stabilisator</p><p>✅ Serviceklap</p>","<p dir=""auto"">Reg. 1. gang     11-12-2014</p><p dir=""auto"">Sovepladser: 4                    Siddepladser: 6</p><p dir=""auto"">Nedsat fra kr. 163.000,-</p><p dir=""auto"">Vognen står i Mønsted.</p>",""
"hobby-on-tour-460-dl","false","Hobby On Tour 460 DL","2024","199.900,-","Ny","Campingvogn","1080","1300","Mønsted 75","220","https://framerusercontent.com/images/btO6lIScJzyalobp9WmERd8izw.jpg","","https://framerusercontent.com/images/NzQnAFLqj9misgwtKXKn8Xovt8A.jpg","","https://framerusercontent.com/images/dj80mNkywjZwDt3jrShjZI6fKk.jpg","","https://framerusercontent.com/images/eiCbhAc9fsqIFv3blGV6qfESmus.jpg","","","","","","<p>✅ Enkeltsenge</p><p>✅ Køleskab</p><p>✅ Fast vandtank</p><p>✅ Toiletrum</p><p>✅ Cassettetoilet</p><p>✅ Brusebund</p><p>✅ Gasovn m/blæser</p><p>✅ Elektrisk gulvvarme</p><p>✅ Rullegardiner</p><p>✅ Cassettegardiner</p><p>✅ Stor tagluge</p><p>✅ Serviceklap</p>","<p>Sovepladser: 4                              Siddepladser: 4</p><p>Vognen står i Mønsted.</p>",""
"hobby-on-tour-390-sf","false","Hobby On Tour 390 SF","2024","179.900,-","Ny","Campingvogn","946","1200","Viborg 193","254","https://framerusercontent.com/images/WMlOJG2FIbaEr5TWTNKSQ0mtzAs.jpg","","https://framerusercontent.com/images/4NRbrSfhRC953iHX4f91YCuihy8.jpg","","https://framerusercontent.com/images/9Zwd2BVLDnB3BMiQvss3jkcZ8AA.jpg","","https://framerusercontent.com/images/SEL414vD2CBfUD8GicFGJnCi6Kg.jpg","","","","","","<p>✅ Dobbeltseng</p><p>✅ Køleskab</p><p>✅ Fast vandtank</p><p>✅ Varmtvand</p><p>✅ Toiletrum</p><p>✅ Cassettetoilet</p><p>✅ Brusebund</p><p>✅ Gasovn m/blæser</p><p>✅ Gulvvarme</p><p>✅ Rullegardiner</p><p>✅ Cassettegardiner</p><p>✅ Fluenetsdør</p><p>✅ Stor tagluge</p><p>✅ Stabilisator</p><p>✅ Serviceklap</p>","<p>Sovepladser: 4            Siddepladser: 4</p><p>Vognen står i Mønsted.</p>",""
"hobby-maxia-585-ul","false","Hobby Maxia 585 UL","2023","279.900,-","Ny","Campingvogn","1440","2200","Viborg 83","760","https://framerusercontent.com/images/n98R38mswQgKJdpTRf0t7w7PQw.jpg","","https://framerusercontent.com/images/sJ9z0ruoWjp7Mab216l8NPSvckM.jpg","","https://framerusercontent.com/images/NG02b5GlY14s4ySfay3KP29dE.jpg","","https://framerusercontent.com/images/Blpl16Y1oE5CGqNswtFmD8j1yuE.jpg","","","","","","<p>✅ Enkeltsenge</p><p>✅ Køleskab</p><p>✅ Fast vandtank</p><p>✅ Varmtvand</p><p>✅ Toiletrum</p><p>✅ Cassettetoilet</p><p>✅ Brusebund</p><p>✅ Centralvarme</p><p>✅ Elektrisk gulvvarme</p><p>✅ Rullegardiner</p><p>✅ Cassettegardiner</p><p>✅ Fluenetsdør</p><p>✅ Stor tagluge</p><p>✅ Stabilisator</p><p>✅ Serviceklap</p>","<p>Sovepladser: 4                     Siddepladser: 4</p><p>Stor aksel, gulvvarme, TV-holder</p><p>Vognen står i Struer.</p>",""
"hobby-excellent-edition-495-ul-2022","true","Hobby Excellent Edition 495 UL 2022","2022","229.900,-","Ny","Campingvogn","1300","1800","Viborg 04","500","https://framerusercontent.com/images/VeYUJg87Ip2dzngIx6SSw04rhM.jpg","","https://framerusercontent.com/images/FeBLV7rVA0l33srAz6MEdz9LNEU.jpg","","https://framerusercontent.com/images/olRuSYCZw5QbOANws8AEv63Ig.jpg","","https://framerusercontent.com/images/MRiGK06SJFggg9vKQ5kuUeFJI.jpg","","","","","","<p dir=""auto"">✅ Enkeltsenge</p><p dir=""auto"">✅ Køleskab</p><p dir=""auto"">✅ Fast vandtank</p><p dir=""auto"">✅ Varmtvand</p><p dir=""auto"">✅ Toiletrum</p><p dir=""auto"">✅ Cassettetoilet</p><p dir=""auto"">✅ Brusebund</p><p dir=""auto"">✅ Gasovn m/blæser</p><p dir=""auto"">✅ Elektrisk gulvvarme</p><p dir=""auto"">✅ Cassettegardiner</p><p dir=""auto"">✅ Fluenetsdør</p><p dir=""auto"">✅ Stor tagluge</p><p dir=""auto"">✅ Stabilisator</p><p dir=""auto"">✅ Serviceklap</p>","<p>Sovepladser: 4                  Siddepladser: 4</p><p>Gulvvarme, TV-holder, Vægtforøgelse, Sengeudvidelse.</p><p>Vognen står i Struer.</p>",""
"hobby-excellent-edition-495-ul","false","Hobby Excellent Edition 495 UL","2023","229.900,-","Ny","Campingvogn","1261","1800","Viborg 54","539","https://framerusercontent.com/images/ijUDbWHQ4coDsrg9rzBZkyDNhUs.jpg","","https://framerusercontent.com/images/PlwX2JviHR1mYQE9FinJVlwdCX4.jpg","","https://framerusercontent.com/images/ATTmeYD5cNVQ1vFiUxq9Hz9REZ8.jpg","","https://framerusercontent.com/images/l9pFZxCQS7SnZZeCd81i0ryYfms.jpg","","","","","","<p>✅ Enkeltsenge</p><p>✅ Køleskab</p><p>✅ Fast vandtank</p><p>✅ Varmtvand</p><p>✅ Toiletrum</p><p>✅ Cassettetoilet</p><p>✅ Brusebund</p><p>✅ Gasovn m/blæser</p><p>✅ Elektrisk gulvvarme</p><p>✅ Rullegardiner</p><p>✅ Cassettegardiner</p><p>✅ Fluenetsdør</p><p>✅ Stor tagluge</p><p>✅ Stabilisator</p><p>✅ Serviceklap</p>","<p>Sovepladser: 4                   Siddepladser: 4</p><p>Stor aksel, gulvvarme, TV-holder</p><p>Vognen står i Mønsted.</p>",""
"hobby-excellent-edition-460-ufe","false","Hobby Excellent Edition 460 UFe 2023","2023","209.900,-","Ny","Campingvogn","1125","1500","Viborg 35","375","https://framerusercontent.com/images/OcSDFB0vCDuUcd30ZFZFFJJ1eo.jpg","","https://framerusercontent.com/images/jQ2J4SDK4jl9v0YE8Pfp6bhPX0.jpg","","https://framerusercontent.com/images/mkiE6SRWNvQI82kT4dvyroCOt5M.jpg","","https://framerusercontent.com/images/5unl0srujo15KFrmLZX67ZgyAI4.jpg","","","","","","<p>✅ Dobbeltseng</p><p>✅ Køleskab</p><p>✅ Fast vandtank</p><p>✅ Varmtvand</p><p>✅ Toiletrum</p><p>✅ Cassettetoilet</p><p>✅ Brusebund</p><p>✅ Gasovn m/blæser</p><p>✅ Elektrisk gulvvarme</p><p>✅ Cassettegardiner</p><p>✅ Fluenetsdør</p><p>✅ Stor tagluge</p><p>✅ Stabilisator</p><p>✅ Serviceklap</p>","<p>Sovepladser: 4                      Siddepladser: 4</p><p>Stor aksel, gulvvarme, TV-holder</p><p>Lille bule, derfor nedsat med 10.000,-</p><p>Vognen står i Struer.</p>",""
"hobby-excellent-560-cfe","false","Hobby Excellent 560 CFe","2023","249.900,-","Ny","Campingvogn","1373","2000","Viborg 91","627","https://framerusercontent.com/images/9Hf5xb6s11AG3b6Oum2SEnXS0A.jpg","","https://framerusercontent.com/images/ahpZocI76SRIKjACnnbABmP6rM.jpg","","https://framerusercontent.com/images/XSpnXorkZjOeznPns5p6E8l68.jpg","","https://framerusercontent.com/images/UyfXOiiP9ZKsiDdkwBFPzeOfY.jpg","","https://framerusercontent.com/images/95Nw8uYDzUaKF8sgxfHOoV4mY.jpg","","","","<p>✅ Dobbeltseng</p><p>✅ Køleskab</p><p>✅ Fast vandtank</p><p>✅ Varmtvand</p><p>✅ Toiletrum</p><p>✅ Cassettetoilet</p><p>✅ Brusebund</p><p>✅ Gasovn m/blæser</p><p>✅ Elektrisk gulvvarme</p><p>✅ Rullegardiner</p><p>✅ Cassettegardiner</p><p>✅ Fluenetsdør</p><p>✅ Stor tagluge</p><p>✅ Fortelt</p><p>✅ Stabilisator</p><p>✅ Serviceklap</p>","<p>Sovepladser: 4                              Siddepladser: 6</p><p>Du sparer ialt 25.700,- på denne vogn.</p><p>Vognen står i Mønsted.</p>",""
"hobby-de-luxe-edition-560-kmfe","false","Hobby de luxe edition 560 KMFe","2021","199.900,-","Brugt","Campingvogn","1425","1800","Mønsted 109","375","https://framerusercontent.com/images/ENrKZduMHyxeeeUYUZHayfxGuE.jpg","","https://framerusercontent.com/images/Pai8WcDzlK4LasUpMn3DDBeT2sk.jpg","","https://framerusercontent.com/images/lqbny63Qiy9w0Qs2pheFbKzQM.jpg","","https://framerusercontent.com/images/6y3cw9pPb03WKSJVAQEjginles4.jpg","","https://framerusercontent.com/images/6w6YFWZKQmw9nleAp5Gvvx5YAo.jpg","","https://framerusercontent.com/images/0Krz6ssDY5EI2vVLrhdVGEwHVEM.jpg","","<p>✅ Dobbeltseng</p><p>✅ Køjer</p><p>✅ Køleskab</p><p>✅ Fast vandtank</p><p>✅ Varmtvand</p><p>✅ Toiletrum</p><p>✅ Cassettetoilet</p><p>✅ Brusebund</p><p>✅ Gasovn m/blæser</p><p>✅ Elektrisk gulvvarme</p><p>✅ Rullegardiner</p><p>✅ Cassettegardiner</p><p>✅ Fluenetsdør</p><p>✅ Stor tagluge</p><p>✅ TV-antenne</p><p>✅ Fortelt</p><p>✅ Markise</p><p>✅ Mover</p><p>✅ Stabilisator</p><p>✅ Serviceklap</p>","<p>Reg. 1. gang     26-07-2021</p><p>Sovepladser: 6                           Siddepladser: 5</p><p>Vognen står i Mønsted.</p>",""
"hobby-de-luxe-495-ul","false","Hobby de luxe 495 UL","2023","219.900,-","Ny","Campingvogn","1254","1800","Struer 19","546","https://framerusercontent.com/images/WWdEhWGgyrxM9geEXqCRf2N6VM.jpg","","https://framerusercontent.com/images/5fvPEhvDVXKFtirLI6dl76uC5oY.jpg","","https://framerusercontent.com/images/iKPpEJFSwT5YmgytfwuBCBVip84.jpg","","https://framerusercontent.com/images/cAzYUkm34wl53EgwHFl0wJdSU0.jpg","","https://framerusercontent.com/images/q1LR50f9jhY3VQ2UVBTEVMWYTo4.jpg","","","","<p>✅ Enkeltsenge</p><p>✅ Køleskab</p><p>✅ Fast vandtank</p><p>✅ Varmtvand</p><p>✅ Toiletrum</p><p>✅ Cassettetoilet</p><p>✅ Brusebund</p><p>✅ Gasovn m/blæser</p><p>✅ Elektrisk gulvvarme</p><p>✅ Rullegardiner</p><p>✅ Cassettegardiner</p><p>✅ Fluenetsdør</p><p>✅ Stor tagluge</p><p>✅ Stabilisator</p><p>✅ Serviceklap</p>","<p>Sovepladser: 4                          Siddepladser: 4</p><p>TV-holder, senge-udvidelse, stor aksel, gulvvarme, hyggebelysning.</p><p>Vognen står i Struer.</p>",""
"hobby-de-luxe-460-ufe","false","Hobby de luxe 460 UFe 2016","2016","129.900,-","Brugt","Campingvogn","1160","1350","Struer 67","190","https://framerusercontent.com/images/0Hh6SqjGaV9evdtt1Bd4x05HMsw.jpg","","https://framerusercontent.com/images/AiB0fnLAmy7VUQKf2tvHuVLlg1k.jpg","","https://framerusercontent.com/images/CVchufXwzS9Px41YJKQnslx0mw.jpg","","https://framerusercontent.com/images/VDRDaxMW906GH3Omg1x26wi5y50.jpg","","","","","","<p>✅ Dobbeltseng</p><p>✅ Køleskab</p><p>✅ Fast vandtank</p><p>✅ Varmtvand</p><p>✅ Toiletrum</p><p>✅ Brusebund</p><p>✅ Gasovn m/blæser</p><p>✅ Rullegardiner</p><p>✅ Cassettegardiner</p><p>✅ Fluenetsdør</p><p>✅ Stor tagluge</p><p>✅ TV-antenne</p><p>✅ Fortelt</p><p>✅ Stabilisator</p><p>✅ Serviceklap</p>","<p dir=""auto"">Reg. 1. gang     10-03-2016</p><p dir=""auto"">Sovepladser: 4                              Siddepladser: 4</p><p dir=""auto"">Nedsat fra kr. 135.000,-</p><p dir=""auto"">Vognen står i Struer.</p>",""
"hobby-de-luxe-460ufe","false","Hobby de luxe 460 Ufe 2024","2024","209.900,-","Ny","Campingvogn","1228","1500","Mønsted 123","272","https://framerusercontent.com/images/SC4ISeyLTAbwVWxJW634etpvzc0.jpg","","https://framerusercontent.com/images/w8TezYf5GPZbVo2qJ7uvqMyEP4.jpg","","https://framerusercontent.com/images/aL1oMdHMPPkl5b06XeW83VAJJ6w.jpg","","https://framerusercontent.com/images/ZgEIRpbuVdppkPQAL9omQmDTHc.jpg","","","","","","<p>✅ Dobbeltseng</p><p>✅ Køleskab</p><p>✅ Fast vandtank</p><p>✅ Varmtvand</p><p>✅ Toiletrum</p><p>✅ Cassettetoilet</p><p>✅ Brusebund</p><p>✅ Gasovn m/blæser</p><p>✅ Elektrisk gulvvarme</p><p>✅ Rullegardiner</p><p>✅ Cassettegardiner</p><p>✅ Fluenetsdør</p><p>✅ Stor tagluge</p><p>✅ Stabilisator</p><p>✅ Serviceklap</p>","<p>Sovepladser: 4                    Siddepladser: 4</p><p>Vognen står i Mønsted.</p>",""
"hobby-de-luxe-440-sff","false","Hobby de luxe 460 SFf","2024","219.900,-","Ny","Campingvogn","1100","1350","Mønsted 69","250","https://framerusercontent.com/images/2HLED0eTKARow2NwXUR7a17C8SQ.jpg","","https://framerusercontent.com/images/e7R1r5gPYgnZ5YNcfRFzWtMYZQA.jpg","","https://framerusercontent.com/images/4GjDHxZ7vh5YghMEkQXaQEKL1Ls.jpg","","https://framerusercontent.com/images/TiwZ0VyV8B1mjQvPx2IEs6C9Vew.jpg","","https://framerusercontent.com/images/OrZfOsCtn6sVirkDkwvdHIWPt0.jpg","","https://framerusercontent.com/images/KDK6jxloynxJMf9poHK0s1wh8Y.jpg","","<p>✅ Dobbeltseng</p><p>✅ Køleskab</p><p>✅ Fast vandtank</p><p>✅ Varmtvand</p><p>✅ Toiletrum</p><p>✅ Cassettetoilet</p><p>✅ Gasovn m/blæser</p><p>✅ Elektrisk gulvvarme</p><p>✅ Rullegardiner</p><p>✅ Cassettegardiner</p><p>✅ Fluenetsdør</p><p>✅ Stor tagluge</p><p>✅ Stabilisator</p>","<p>Sovepladser: 4                        Siddepladser: 4</p><p>Kan opvejes til 1500 kg</p><p>Vognen står i Mønsted.</p>",""
"hobby-de-luxe-400-sfe","false","Hobby de luxe 400 SFe","2024","194.900,-","Ny","Campingvogn","1057","1300","Viborg 01","243","https://framerusercontent.com/images/FmgNAbPL6bxquYADm9jaicptys.jpg","","https://framerusercontent.com/images/R0c3uJrLZInNtmu8zOsB5L3Tkhc.jpg","","https://framerusercontent.com/images/vp4au0e8fuJfQd3Ggv5qxgD9p8.jpg","","https://framerusercontent.com/images/VQu1qMrtVJea8lzj23HwfLT8ewA.jpg","","https://framerusercontent.com/images/Xguw0kRx6KbokYLm80UgFztbIc.jpg","","https://framerusercontent.com/images/a5spHKSnRcGYnH7F7YMsWtzANU.jpg","","<p>✅ Dobbeltseng</p><p>✅ Køleskab</p><p>✅ Fast vandtank</p><p>✅ Varmtvand</p><p>✅ Toiletrum</p><p>✅ Cassettetoilet</p><p>✅ Brusebund</p><p>✅ Gasovn m/blæser</p><p>✅ Gulvvarme</p><p>✅ Elektrisk gulvvarme</p><p>✅ Cassettegardiner</p><p>✅ Fluenetsdør</p><p>✅ Stor tagluge</p><p>✅ Stabilisator</p><p>✅ Serviceklap</p>","<p>Vognen står i Mønsted.</p>",""
"hobby-beachy-360","false","Hobby Beachy 360","2022","99.900,-","Ny","Campingvogn","750","900","Strruer 105","150","https://framerusercontent.com/images/2FHDdv5peYOIDodK4gdir5Bw2Ak.jpg","","https://framerusercontent.com/images/f6HmXCrD69Rp2c9maoaWcNLso.jpg","","https://framerusercontent.com/images/JbEaZOoZ9z02iJCz1xRoiK8wnA.jpg","","https://framerusercontent.com/images/0ECEXsDTuYHo9vCsLnGNOP3A.jpg","","https://framerusercontent.com/images/eQR5hyjp782w390OHRv5czUo.jpg","","","","<p>Sovepladser: 3        Siddepladser: 6</p><p>Teltet til vognen koster kr. 2595,-</p><p>Vognen står i Struer.</p>","",""
"bürstner-belcanto-535-tl","false","Bürstner Belcanto 535 TL","2008","84.900,-","Brugt","Campingvogn","1340","1700","Struer 66","360","https://framerusercontent.com/images/aqwTIPI1HBXxNzvGxIBxa4zKU.jpg","","https://framerusercontent.com/images/ioKKys5zwa25Q3ueWg6W6SziOM.jpg","","https://framerusercontent.com/images/rK3t0n29fTgzDHf6BwJSdqLcXTc.jpg","","https://framerusercontent.com/images/psxIgEFlyOfXJlKch8QfN1frK78.jpg","","https://framerusercontent.com/images/OCa9dnU2VE0VXCgaffgYjHiwc4s.jpg","","","","<p>✅ Enkeltsenge</p><p>✅ Køleskab</p><p>✅ Fast vandtank</p><p>✅ Varmtvand</p><p>✅ Toiletrum</p><p>✅ Cassettetoilet</p><p>✅ Brusebund</p><p>✅ Gasovn m/blæser</p><p>✅ Rullegardiner</p><p>✅ Cassettegardiner</p><p>✅ Fluenetsdør</p><p>✅ Stor tagluge</p><p>✅ TV-antenne</p><p>✅ Fortelt</p>","<p>Reg. 1. gang     03-03-2008</p><p>Sovepladser: 4                    Siddepladser:4</p><p>3 m fortelt</p><p>Vognen står i Struer.</p>",""
"adria-aviva-563-pt","false","Adria Aviva 563 PT","2018","154.900,-","Brugt","Campingvogn","1165","1500","Mønsted 69","335","https://framerusercontent.com/images/qfmubUpvCjBMfEdMaqih1VhZCYI.jpg","","https://framerusercontent.com/images/OvSiTZa1otSCqIZVnJ0iomy7Ko.jpg","","https://framerusercontent.com/images/4woULNaNk70e4BqoQmYWyARn0.jpg","","https://framerusercontent.com/images/OogmllyNcQ5AdKTgxOhNYI2fomc.jpg","","https://framerusercontent.com/images/hvnFdU3F9t1G4NbmrYyzfOLt0.jpg","","","","<p>✅ Dobbeltseng</p><p>✅ Køjer</p><p>✅ Køleskab</p><p>✅ Fast vandtank</p><p>✅ Varmtvand</p><p>✅ Toiletrum</p><p>✅ Cassettetoilet</p><p>✅ Brusebund</p><p>✅ Gasovn m/blæser</p><p>✅ Rullegardiner</p><p>✅ Cassettegardiner</p><p>✅ Stor tagluge</p><p>✅ Stabilisator</p><p>✅ Serviceklap</p>","<p dir=""auto"">Fortelt beskrivelse: Kampa Lufttelt 450</p><p dir=""auto"">Reg. 1. gang: 31-01-2018</p><p dir=""auto"">Sovepladser: 7                      Siddepladser: 5</p><p dir=""auto"">Ualmindelig velholdt køjevogn.</p><p dir=""auto"">Nedsat fra kr. 159.000,-</p><p dir=""auto"">Vognen står i Struer.</p>",""
"adria-alpina-903-ht-comfort","false","Adria Alpina 903 HT / Comfort","2018","274.900,-","Brugt","Campingvogn","2250","2800","Struer 01","550","https://framerusercontent.com/images/IGs8Bn2Qm2hokz3x3ZKQ9oGSGrk.jpg","","https://framerusercontent.com/images/13RtRdkNw2oQtpxquE9hxReI8.jpg","","https://framerusercontent.com/images/FvDcgF7G1D6kuzuvxY6hFLQHQ.jpg","","https://framerusercontent.com/images/iMSzetxiybTBNcgY4NIaZEaMesM.jpg","","https://framerusercontent.com/images/K7uzqD8cPlLv3kGUMSjQFsFJcA.jpg","","https://framerusercontent.com/images/KBc13nrqWyhgK6vF2zqlVq0avs0.jpg","","<p>✅ Dobbeltseng</p><p>✅ Køjer</p><p>✅ Køleskab</p><p>✅ Ovn</p><p>✅ Fast vandtank</p><p>✅ Varmtvand</p><p>✅ Toiletrum</p><p>✅ Cassettetoilet</p><p>✅ Brusebund</p><p>✅ Centralvarme</p><p>✅ Gulvvarme</p><p>✅ Gulvtæppe</p><p>✅ Rullegardiner</p><p>✅ Cassettegardiner</p><p>✅ Fluenetsdør</p><p>✅ Stor tagluge</p><p>✅ TV-antenne</p><p>✅ Fortelt</p><p>✅ Stabilisator</p><p>✅ Serviceklap</p>","<p dir=""auto"">Fortelt beskrivelse: Isabella Universal Dawn 420</p><p dir=""auto"">Reg. 1. gang: 01-06-2018</p><p dir=""auto"">Sovepladser: 6                      Siddepladser: 8</p><p dir=""auto"">Nedsat fra kr. 295.000,-</p><p dir=""auto"">Vognen står i Struer.</p>",""
"adria-adora-563-tk","false","Adria Adora 563 TK","2009","109.000,-","Brugt","Campingvogn","1250","1700","Struer 77","450","https://framerusercontent.com/images/paFQqViSah0n8BXd03YDjdyEq1A.jpg","","https://framerusercontent.com/images/emEjJ4vz2azMjU5xWkXhHqvNRKg.jpg","","https://framerusercontent.com/images/Z8YBmR9OQEAlo41YHLNHjNwm6M.jpg","","https://framerusercontent.com/images/LyWEIQqkDff1xZZDXh83dWHQssA.jpg","","https://framerusercontent.com/images/L3NQn9s8Esoz1O6mZneW90ypE.jpg","","","","<p>✅ Dobbeltseng</p><p>✅ Køjer</p><p>✅ Køleskab</p><p>✅ Fast vandtank</p><p>✅ Varmtvand</p><p>✅ Toiletrum</p><p>✅ Cassettetoilet</p><p>✅ Gasovn m/blæser</p><p>✅ Gulvvarme</p><p>✅ Aircondition</p><p>✅ Rullegardiner</p><p>✅ Cassettegardiner</p><p>✅ Fluenetsdør</p><p>✅ Stor tagluge</p><p>✅ TV-antenne</p><p>✅ Fortelt</p><p>✅ Mover</p><p>✅ Stabilisator</p><p>✅ Cykelstativ</p><p>✅ Serviceklap</p>","<p dir=""auto"">Reg. 1. gang     26-03-2009</p><p dir=""auto"">Sovepladser: 6                       Siddepladser: 6</p><p dir=""auto"">Nedsat fra kr. 113.000,-</p><p dir=""auto"">Vognen står i Struer.</p>",""
"hobby-de-luxe-560-kmfe","false","Hobby DE LUXE 560 KMFe","2017","159.900,-","Brugt","Campingvogn","1400","1750","Struer 123","350","https://framerusercontent.com/images/x1kQyeafegdq9uImrsIXxHcUo.jpg","Green Fern","https://framerusercontent.com/images/Yo0IbcSGgsKi3J4IQCqJNAzpQ4.jpg","","https://framerusercontent.com/images/5cRk410etmruk9cKylhq0WN16wk.jpg","","https://framerusercontent.com/images/YbZprgseloBVsSXg4NuEURuvqI.jpg","","https://framerusercontent.com/images/YbZprgseloBVsSXg4NuEURuvqI.jpg","","https://framerusercontent.com/images/DgC26k8iQX6bCtlpQtP1XaVlZ7o.jpg","","<p>✅ Dobbeltseng</p><p>✅ Køjer<br><br>✅ Køleskab<br><br>✅ Fast vandtank<br><br>✅ Varmtvand<br><br>✅ Toiletrum<br><br>✅ Cassettetoilet<br><br>✅ Brusebund<br><br>✅ Gasovn m/blæser<br><br>✅ Elektrisk gulvvarme<br><br>✅ Cassettegardiner<br><br>✅ Fluenetsdør<br><br>✅ Stor tagluge<br><br>✅ TV-antenne<br><br>✅ Stabilisator<br><br>✅ Serviceklap</p>","<p dir=""auto"">Reg. 1. gang: 3-10-2017</p><p dir=""auto"">Siddepladser: 4</p><p dir=""auto"">Sovepladser: 6</p><p dir=""auto"">Nedsat fra kr. 164.900,-</p><p dir=""auto"">Vognen står i Struer.</p>",""